round,client_id,accuracy,loss
0,0,0.0,1.1155023574829102
0,1,0.0,1.1155023574829102
1,0,1.0,0.009130273938627172
1,1,1.0,0.009130273901280902
2,0,1.0,4.6491513785440475e-06
2,1,1.0,4.6491513785440475e-06
3,0,1.0,0.0
3,1,1.0,0.0
4,0,1.0,1.192092822850811e-07
4,1,1.0,1.1920928143029284e-07
5,0,1.0,8.69421063797697e-08
5,1,1.0,8.798780218707439e-08
6,0,1.0,0.0
6,1,1.0,0.0
7,0,1.0,0.0
7,1,1.0,0.0
8,0,1.0,0.0
8,1,1.0,0.0
9,0,1.0,0.0
9,1,1.0,0.0
10,0,1.0,0.0
10,1,1.0,0.0
