round,global_accuracy
0,0.42333333333333334
1,0.6066666666666667
2,0.71
3,0.7033333333333334
4,0.73
5,0.79
6,0.83
7,0.83
8,0.83
9,0.83
10,0.8066666666666666
