round,client_id,accuracy,loss
0,0,0.706766917293233,0.9890891340442169
0,1,0.6309523809523809,0.9719392912728446
1,0,1.0,0.0
1,1,1.0,0.0
2,0,1.0,0.0
2,1,1.0,0.0
3,0,1.0,0.0
3,1,1.0,0.0
4,0,1.0,0.0
4,1,1.0,0.0
5,0,1.0,0.0
5,1,1.0,0.0
6,0,1.0,0.0
6,1,1.0,0.0
7,0,1.0,0.0
7,1,1.0,0.0
8,0,1.0,0.0
8,1,1.0,0.0
9,0,1.0,0.0
9,1,1.0,0.0
10,0,1.0,0.0
10,1,1.0,0.0
