round,global_accuracy
0,0.22
1,0.47
2,0.47
3,0.47
4,0.8366666666666667
5,0.74
6,0.58
7,0.84
8,0.77
9,0.84
10,0.8833333333333333
