round,client_id,accuracy,loss
0,0,0.0,1.1203962507702054
0,1,0.0,1.1187610853286016
1,0,1.0,0.00018459466186219027
1,1,1.0,0.00016200025233307054
2,0,1.0,6.5224291271685315e-06
2,1,1.0,6.701241329123843e-06
3,0,1.0,0.0
3,1,1.0,0.0
4,0,1.0,0.0
4,1,1.0,0.0
5,0,1.0,0.0
5,1,1.0,0.0
6,0,1.0,0.0
6,1,1.0,0.0
7,0,1.0,0.0
7,1,1.0,0.0
8,0,1.0,0.0
8,1,1.0,0.0
9,0,1.0,0.0
9,1,1.0,0.0
10,0,1.0,0.0
10,1,1.0,0.0
