round,global_accuracy
0,0.22
1,0.47
2,0.47
3,0.47
4,0.47
5,0.47
6,0.5266666666666666
7,0.7633333333333333
8,0.7633333333333333
9,0.77
10,0.7366666666666667
