round,global_accuracy
0,0.48
1,0.48
2,0.48
3,0.48
4,0.48
5,0.48
6,0.54
7,0.6433333333333333
8,0.6966666666666667
9,0.7433333333333333
10,0.7466666666666667
