round,client_id,accuracy,loss
0,0,0.0,1.1692665178972976
0,1,0.0,1.1719430060613722
1,0,1.0,3.030281822473735e-05
1,1,1.0,2.5378440373710225e-05
2,0,1.0,1.7926206818034064e-09
2,1,1.0,0.0
3,0,1.0,0.0
3,1,1.0,0.0
4,0,1.0,0.0
4,1,1.0,0.0
5,0,1.0,0.0
5,1,1.0,0.0
6,0,1.0,0.0
6,1,1.0,0.0
7,0,1.0,0.0
7,1,1.0,0.0
8,0,1.0,0.0
8,1,1.0,0.0
9,0,1.0,0.0
9,1,1.0,0.0
10,0,1.0,0.0
10,1,1.0,0.0
