round,client_id,accuracy,loss
0,0,0.0,1.1054145483146036
0,1,0.0,1.1003922734941756
1,0,1.0,7.454575808837842e-06
1,1,1.0,6.848824774524906e-06
2,0,1.0,6.274172760281784e-09
2,1,1.0,1.419158124349451e-09
3,0,1.0,0.0
3,1,1.0,0.0
4,0,1.0,0.0
4,1,1.0,0.0
5,0,1.0,0.0
5,1,1.0,0.0
6,0,1.0,0.0
6,1,1.0,0.0
7,0,1.0,0.0
7,1,1.0,0.0
8,0,1.0,0.0
8,1,1.0,0.0
9,0,1.0,0.0
9,1,1.0,0.0
10,0,1.0,0.0
10,1,1.0,0.0
