round,client_id,accuracy,loss
0,0,0.0,1.0701199689305814
0,1,0.0,1.0700939269292922
1,0,1.0,0.30267373601296793
1,1,1.0,0.30507833049410865
2,0,1.0,0.0001847249441745138
2,1,1.0,0.00017475328474704708
3,0,1.0,8.963103943259691e-10
3,1,1.0,0.0
4,0,1.0,0.0
4,1,1.0,0.0
5,0,1.0,0.0
5,1,1.0,0.0
6,0,1.0,0.0
6,1,1.0,0.0
7,0,1.0,0.0
7,1,1.0,0.0
8,0,1.0,0.0
8,1,1.0,0.0
9,0,1.0,0.0
9,1,1.0,0.0
10,0,1.0,0.0
10,1,1.0,0.0
