round,client_id,accuracy,loss
0,0,1.0,1.0717474392482214
0,1,1.0,1.0718099503290086
1,0,1.0,0.5984744344438825
1,1,1.0,0.5949806826455253
2,0,1.0,0.004923633078024501
2,1,1.0,0.004657994867080734
3,0,1.0,2.9305566342719386e-06
3,1,1.0,2.7134262944898748e-06
4,0,1.0,0.0
4,1,1.0,0.0
5,0,1.0,0.0
5,1,1.0,0.0
6,0,1.0,0.0
6,1,1.0,0.0
7,0,1.0,0.0
7,1,1.0,0.0
8,0,1.0,0.0
8,1,1.0,0.0
9,0,1.0,0.0
9,1,1.0,0.0
10,0,1.0,0.0
10,1,1.0,0.0
