round,client_id,accuracy,loss
0,0,0.0,1.1155023574829102
0,1,0.0,1.1155023574829102
1,0,1.0,0.01228680736140201
1,1,1.0,0.012286807454767682
2,0,1.0,3.933898827889969e-06
2,1,1.0,3.933898846125452e-06
3,0,1.0,0.0
3,1,1.0,0.0
4,0,1.0,5.7363862565648734e-08
4,1,1.0,5.960464071514642e-08
5,0,1.0,0.0
5,1,1.0,0.0
6,0,1.0,0.0
6,1,1.0,0.0
7,0,1.0,0.0
7,1,1.0,0.0
8,0,1.0,0.0
8,1,1.0,0.0
9,0,1.0,0.0
9,1,1.0,0.0
10,0,1.0,0.0
10,1,1.0,0.0
