round,global_accuracy
0,0.2709030100334448
1,0.47157190635451507
2,0.47157190635451507
3,0.47157190635451507
4,0.6588628762541806
5,0.6555183946488294
6,0.6655518394648829
7,0.6086956521739131
8,0.7391304347826086
9,0.6789297658862876
10,0.7290969899665551
