round,client_id,accuracy,loss
0,0,0.0,1.10043918518793
0,1,0.0,1.1005357787722634
1,0,1.0,0.7993582543872652
1,1,1.0,0.7970364093780518
2,0,1.0,0.03497252861658732
2,1,1.0,0.03383379606973557
3,0,1.0,4.110074812723767e-05
3,1,1.0,4.103974026206526e-05
4,0,1.0,0.0
4,1,1.0,0.0
5,0,1.0,0.0
5,1,1.0,0.0
6,0,1.0,0.0
6,1,1.0,0.0
7,0,1.0,0.0
7,1,1.0,0.0
8,0,1.0,0.0
8,1,1.0,0.0
9,0,1.0,0.0
9,1,1.0,0.0
10,0,1.0,0.0
10,1,1.0,0.0
