round,client_id,accuracy,loss
0,0,0.0,1.100824108697418
0,1,0.0,1.1008981750124978
1,0,1.0,0.5033620174666097
1,1,1.0,0.4861578941345215
2,0,1.0,0.0009291069091934906
2,1,1.0,0.0007262498339904207
3,0,1.0,1.7926206818034064e-09
3,1,1.0,0.0
4,0,1.0,0.0
4,1,1.0,0.0
5,0,1.0,0.0
5,1,1.0,0.0
6,0,1.0,0.0
6,1,1.0,0.0
7,0,1.0,0.0
7,1,1.0,0.0
8,0,1.0,0.0
8,1,1.0,0.0
9,0,1.0,0.0
9,1,1.0,0.0
10,0,1.0,0.0
10,1,1.0,0.0
