round,global_accuracy
0,0.29431438127090304
1,0.47157190635451507
2,0.5083612040133779
3,0.5317725752508361
4,0.5451505016722408
5,0.6020066889632107
6,0.5551839464882943
7,0.6120401337792643
8,0.6354515050167224
9,0.6220735785953178
10,0.6655518394648829
