round,client_id,accuracy,loss
0,0,0.6904761904761905,1.0222142537434895
0,1,0.75,1.025520915076846
1,0,1.0,2.1088659369048573e-06
1,1,1.0,1.7810414950266325e-06
2,0,1.0,2.8835408600224626e-05
2,1,1.0,2.7745536672660992e-05
3,0,1.0,0.0
3,1,1.0,0.0
4,0,1.0,0.0
4,1,1.0,0.0
5,0,1.0,0.0
5,1,1.0,0.0
6,0,1.0,0.0
6,1,1.0,0.0
7,0,1.0,0.0
7,1,1.0,0.0
8,0,1.0,0.0
8,1,1.0,0.0
9,0,1.0,0.0
9,1,1.0,0.0
10,0,1.0,0.0
10,1,1.0,0.0
