round,client_id,accuracy,loss
0,0,1.0,1.0948171579748167
0,1,1.0,1.094817116146996
1,0,1.0,0.008780323893279958
1,1,1.0,0.008780324033328466
2,0,1.0,2.384182624879934e-06
2,1,1.0,2.3841826294388045e-06
3,0,1.0,0.0
3,1,1.0,0.0
4,0,1.0,2.384185645701622e-07
4,1,1.0,2.3841856286058567e-07
5,0,1.0,2.2766283919715938e-07
5,1,1.0,2.0861624047289036e-07
6,0,1.0,0.0
6,1,1.0,0.0
7,0,1.0,0.0
7,1,1.0,0.0
8,0,1.0,0.0
8,1,1.0,0.0
9,0,1.0,0.0
9,1,1.0,0.0
10,0,1.0,0.0
10,1,1.0,0.0
