round,client_id,accuracy,loss
0,0,0.0,1.1054145483146036
0,1,0.0,1.1002726781935919
1,0,1.0,7.170483101183487e-09
1,1,1.0,0.0
2,0,1.0,1.1114248846902605e-07
2,1,1.0,1.163709650124171e-07
3,0,1.0,0.0
3,1,1.0,0.0
4,0,1.0,0.0
4,1,1.0,0.0
5,0,1.0,0.0
5,1,1.0,0.0
6,0,1.0,0.0
6,1,1.0,0.0
7,0,1.0,0.0
7,1,1.0,0.0
8,0,1.0,0.0
8,1,1.0,0.0
9,0,1.0,0.0
9,1,1.0,0.0
10,0,1.0,0.0
10,1,1.0,0.0
