round,global_accuracy
0,0.22
1,0.47
2,0.47
3,0.47
4,0.47
5,0.47
6,0.54
7,0.7066666666666667
8,0.7733333333333333
9,0.7766666666666666
10,0.79
