round,global_accuracy
0,0.2733333333333333
1,0.46
2,0.46
3,0.46
4,0.46
5,0.46
6,0.46
7,0.5466666666666666
8,0.78
9,0.7066666666666667
10,0.54
