round,global_accuracy
0,0.22333333333333333
1,0.4766666666666667
2,0.4766666666666667
3,0.4766666666666667
4,0.4766666666666667
5,0.49
6,0.49666666666666665
7,0.58
8,0.5233333333333333
9,0.69
10,0.81
