round,global_accuracy
0,0.3
1,0.59
2,0.68
3,0.68
4,0.76
5,0.76
6,0.8033333333333333
7,0.8066666666666666
8,0.8033333333333333
9,0.8066666666666666
10,0.82
