round,global_accuracy
0,0.31800766283524906
1,0.5019157088122606
2,0.5019157088122606
3,0.5057471264367817
4,0.5517241379310345
5,0.5287356321839081
6,0.5440613026819924
7,0.5402298850574713
8,0.5938697318007663
9,0.6130268199233716
10,0.6475095785440613
