round,client_id,accuracy,loss
0,0,0.0,1.0701199689305814
0,1,0.0,1.070092064993722
1,0,1.0,0.3166448066109105
1,1,1.0,0.32329329990205313
2,0,1.0,0.0002629196593411883
2,1,1.0,0.00023447724414013682
3,0,1.0,0.0
3,1,1.0,0.0
4,0,1.0,0.0
4,1,1.0,0.0
5,0,1.0,0.0
5,1,1.0,0.0
6,0,1.0,0.0
6,1,1.0,0.0
7,0,1.0,0.0
7,1,1.0,0.0
8,0,1.0,0.0
8,1,1.0,0.0
9,0,1.0,0.0
9,1,1.0,0.0
10,0,1.0,0.0
10,1,1.0,0.0
