round,global_accuracy
0,0.22333333333333333
1,0.4766666666666667
2,0.4766666666666667
3,0.4766666666666667
4,0.51
5,0.5866666666666667
6,0.54
7,0.6933333333333334
8,0.6566666666666666
9,0.7
10,0.72
