round,global_accuracy
0,0.22
1,0.47
2,0.47
3,0.5833333333333334
4,0.75
5,0.69
6,0.6666666666666666
7,0.6266666666666667
8,0.83
9,0.7166666666666667
10,0.88
