round,global_accuracy
0,0.29
1,0.4166666666666667
2,0.4166666666666667
3,0.4166666666666667
4,0.4166666666666667
5,0.4166666666666667
6,0.7066666666666667
7,0.67
8,0.7666666666666667
9,0.79
10,0.78
