round,global_accuracy
0,0.29431438127090304
1,0.47157190635451507
2,0.4882943143812709
3,0.5217391304347826
4,0.5150501672240803
5,0.5351170568561873
6,0.5451505016722408
7,0.6086956521739131
8,0.6120401337792643
9,0.6454849498327759
10,0.6555183946488294
