round,global_accuracy
0,0.2842809364548495
1,0.47157190635451507
2,0.47157190635451507
3,0.5652173913043478
4,0.5518394648829431
5,0.5752508361204013
6,0.6989966555183946
7,0.6956521739130435
8,0.7859531772575251
9,0.6989966555183946
10,0.5719063545150501
