round,global_accuracy
0,0.3
1,0.6
2,0.7266666666666667
3,0.73
4,0.7466666666666667
5,0.78
6,0.78
7,0.7966666666666666
8,0.7766666666666666
9,0.78
10,0.82
